title,author,likes,url
夏日y2k爱心甜酷小辣妹,情情,19000,https://www.xiaohongshu.com/explore/64b2452900000000310097cb
结婚啦！五年前也是这样拉勾答应他的表白,奇迹缨缨,40000,https://www.xiaohongshu.com/explore/640ede2200000000140256be
理解杨紫，成为杨紫 ,不说就不说啦,8458,https://www.xiaohongshu.com/explore/64c1420d000000001201851b
积木花 ,🥞猫饼饼,9978,https://www.xiaohongshu.com/explore/63de46f3000000001d022e2d
一个日食的脑洞 ,初久渡一（漫画作者）,86000,https://www.xiaohongshu.com/explore/63ec9aa8000000001303c539
大家暂停手上的事，看下我改造的自建房,不吃香菜的雷女士,20000,https://www.xiaohongshu.com/explore/6440c49000000000130335dc
Joe‘s 方小宝🪲,曾舜晞,65000,https://www.xiaohongshu.com/explore/64c8c3e2000000001700ea7f
你们喜欢吃虾吗❓可乐虾仁真的巨巨巨好吃❗,一块热豆腐,31000,https://www.xiaohongshu.com/explore/64c8c9aa000000000a019e3e
荔枝酸奶冻 ,欢嫂,8718,https://www.xiaohongshu.com/explore/6484303a000000001303fddb
双层床到底值不值得？,赵腰静静,2822,https://www.xiaohongshu.com/explore/648282a3000000001303d362
早 叫你好闺蜜一起吃个早茶,XS W烘培,16000,https://www.xiaohongshu.com/explore/6407d87200000000270282a1
再发一遍❗️我要向全世界安利这个做法🔥,米其林三星吃货,8263,https://www.xiaohongshu.com/explore/64b5522000000000120111c9
不会有人不会炸油条吧？☺️,纽约的杜师傅,43000,https://www.xiaohongshu.com/explore/6482baba0000000013004777
学习摄影🔥，一定不要错过这个宝藏博主,商小蛮,3717,https://www.xiaohongshu.com/explore/63db64c3000000000400455a
遇到干妈就对我没有亲情可言！,屁桃🍑祺祺,9956,https://www.xiaohongshu.com/explore/644f9b3d000000001300f07c
干货✅语无伦次❗️冷场小能手❓快速提升表达力,小涵语言艺术,4112,https://www.xiaohongshu.com/explore/63ef2e6e0000000011013447
快速练出马甲线✅平坦小腹‼️整整瘦了一圈🔥,熊猫叮🐼,18000,https://www.xiaohongshu.com/explore/64aaae2f0000000010028f92
早晨空腹吃这4种食物✅掉秤非常快🔥越吃越瘦,帆帆瘦了20斤吖,4906,https://www.xiaohongshu.com/explore/6405a4d600000000130329c0
当你的小猫是个“恋爱脑”🖤,顶瓜瓜的漂亮主人,41000,https://www.xiaohongshu.com/explore/6468ae7600000000130115fb
早春衬衫穿搭｜气质通勤又日常衬衫搭配,是花总吖,4021,https://www.xiaohongshu.com/explore/63e4ceef000000000d01ef9c
来重庆旅游必打卡的解放碑十八梯,刘雨鑫JASON,30000,https://www.xiaohongshu.com/explore/646dd8c2000000000703bb1c
不愧是舞蹈生 头小四肢很长,砍黑猪的大刀,3868,https://www.xiaohongshu.com/explore/64a2df1d00000000150315e2
芋泥肉松芝士烤年糕｜芋泥控爱了爱了！！,阮妹（去100个人家学做饭版）,13000,https://www.xiaohongshu.com/explore/63e08a330000000019020111
155偏爱买长裙👗放心蹲‼️明天就发上身🥰,茶水煲NiNi,16000,https://www.xiaohongshu.com/explore/6414384a0000000027029c65
