title,content,author,likes,comments,url,publish_time
无标题,,情情,1.9万,0,https://www.xiaohongshu.com/explore/,
无标题,,奇迹缨缨,4万,0,https://www.xiaohongshu.com/explore/,
无标题,,不说就不说啦,8458,0,https://www.xiaohongshu.com/explore/,
无标题,,🥞猫饼饼,9978,0,https://www.xiaohongshu.com/explore/,
无标题,,初久渡一（漫画作者）,8.6万,0,https://www.xiaohongshu.com/explore/,
无标题,,不吃香菜的雷女士,2万,0,https://www.xiaohongshu.com/explore/,
无标题,,曾舜晞,6.5万,0,https://www.xiaohongshu.com/explore/,
无标题,,一块热豆腐,3.1万,0,https://www.xiaohongshu.com/explore/,
无标题,,欢嫂,8718,0,https://www.xiaohongshu.com/explore/,
无标题,,赵腰静静,2822,0,https://www.xiaohongshu.com/explore/,
无标题,,XS W烘培,1.6万,0,https://www.xiaohongshu.com/explore/,
无标题,,米其林三星吃货,8263,0,https://www.xiaohongshu.com/explore/,
无标题,,纽约的杜师傅,4.3万,0,https://www.xiaohongshu.com/explore/,
无标题,,商小蛮,3717,0,https://www.xiaohongshu.com/explore/,
无标题,,屁桃🍑祺祺,9956,0,https://www.xiaohongshu.com/explore/,
无标题,,小涵语言艺术,4112,0,https://www.xiaohongshu.com/explore/,
无标题,,熊猫叮🐼,1.8万,0,https://www.xiaohongshu.com/explore/,
无标题,,帆帆瘦了20斤吖,4906,0,https://www.xiaohongshu.com/explore/,
无标题,,顶瓜瓜的漂亮主人,4.1万,0,https://www.xiaohongshu.com/explore/,
无标题,,是花总吖,4021,0,https://www.xiaohongshu.com/explore/,
无标题,,刘雨鑫JASON,3万,0,https://www.xiaohongshu.com/explore/,
无标题,,砍黑猪的大刀,3868,0,https://www.xiaohongshu.com/explore/,
无标题,,阮妹（去100个人家学做饭版）,1.3万,0,https://www.xiaohongshu.com/explore/,
无标题,,茶水煲NiNi,1.6万,0,https://www.xiaohongshu.com/explore/,
